"ONTOLOGY","ID","Description","GeneRatio","BgRatio","pvalue","p.adjust","qvalue","geneID","Count"
"BP","GO:0042110","T cell activation","55/274","464/18670",4.92249896830725e-34,1.43441619936473e-30,1.17466370117395e-30,"RUNX3/CD2/SLAMF6/LY9/PTPRC/LAX1/CR1/CD28/CTLA4/ICOS/FANCD2/CCR9/BTLA/TIGIT/CD86/RHOH/IL7R/CAMK4/TCF7/ITK/DOCK2/IRF4/RIPOR2/TREML2/MYB/CCR6/CARD11/DOCK8/SIT1/TNFSF8/FUT7/CD6/CD3E/CD3D/CD3G/CLECL1/KLRC4-KLRK1/NCKAP1L/TESPA1/TNFSF11/GPR18/BCL11B/NLRC3/CORO1A/CCR7/TMIGD2/CD70/VAV1/RASAL3/IL12RB1/LILRB1/SIRPG/AIRE/WAS/SASH3",55
"BP","GO:0030098","lymphocyte differentiation","48/274","353/18670",1.8667412043857e-32,2.71984193478996e-29,2.22731700544336e-29,"RUNX3/CD2/FCRL3/SLAMF6/LY9/PTPRC/CR1/ITGA4/CD28/CTLA4/INPP5D/FANCD2/CCR9/CD86/RHOH/IL7R/CAMK4/TCF7/ITK/DOCK2/IRF4/MYB/CCR6/CARD11/IKZF1/TNFSF8/FUT7/MS4A1/CD3E/CD3D/CD3G/AICDA/NCKAP1L/TESPA1/GPR18/BCL11B/CD19/PLCG2/CCR7/CD79B/C17orf99/VAV1/IL12RB1/CD79A/POU2F2/AIRE/BTK/SASH3",48
"BP","GO:0030217","T cell differentiation","35/274","240/18670",7.91745495452658e-25,7.69048791249681e-22,6.29784925681114e-22,"RUNX3/CD2/SLAMF6/LY9/PTPRC/CR1/CD28/CTLA4/FANCD2/CCR9/CD86/RHOH/IL7R/CAMK4/TCF7/ITK/DOCK2/IRF4/MYB/CCR6/CARD11/TNFSF8/FUT7/CD3E/CD3D/CD3G/NCKAP1L/TESPA1/GPR18/BCL11B/CCR7/VAV1/IL12RB1/AIRE/SASH3",35
"BP","GO:0050863","regulation of T cell activation","38/274","314/18670",6.79557460740234e-24,4.9505761014926e-21,4.05409674604766e-21,"RUNX3/CD2/PTPRC/LAX1/CR1/CD28/CTLA4/ICOS/FANCD2/BTLA/TIGIT/CD86/IL7R/CAMK4/IRF4/RIPOR2/MYB/CARD11/DOCK8/SIT1/TNFSF8/CD6/CD3E/CLECL1/KLRC4-KLRK1/NCKAP1L/TESPA1/TNFSF11/CORO1A/CCR7/TMIGD2/CD70/VAV1/RASAL3/IL12RB1/LILRB1/SIRPG/SASH3",38
"BP","GO:0051249","regulation of lymphocyte activation","43/274","485/18670",1.51823094687654e-21,8.84824995839649e-19,7.24595696119815e-19,"RUNX3/CD2/FCRL3/PTPRC/LAX1/CR1/CD28/CTLA4/ICOS/INPP5D/FANCD2/BTLA/TIGIT/CD86/IL7R/CAMK4/IRF4/RIPOR2/MYB/CARD11/DOCK8/SIT1/TNFSF8/CD6/CD3E/CLECL1/KLRC4-KLRK1/NCKAP1L/TESPA1/TNFSF11/CD19/CORO1A/TNFRSF13B/CCR7/TMIGD2/CD70/VAV1/RASAL3/IL12RB1/LILRB1/SIRPG/BTK/SASH3",43
"BP","GO:0007159","leukocyte cell-cell adhesion","35/274","337/18670",7.27767426448025e-20,3.53452380111591e-17,2.89447150132925e-17,"RUNX3/SELL/PTPRC/LAX1/ITGA4/CD28/CTLA4/ICOS/BTLA/TIGIT/CD86/IL7R/ADTRP/RIPOR2/MYB/CARD11/DOCK8/CD6/CD3E/CLECL1/KLRC4-KLRK1/NCKAP1L/TESPA1/SELPLG/TNFSF11/CORO1A/CCR7/TMIGD2/CD70/VAV1/RASAL3/IL12RB1/LILRB1/SIRPG/SASH3",35
"BP","GO:1903039","positive regulation of leukocyte cell-cell adhesion","29/274","218/18670",1.38963976591704e-19,5.78487182554608e-17,4.73731330726907e-17,"RUNX3/PTPRC/ITGA4/CD28/CTLA4/ICOS/BTLA/CD86/IL7R/MYB/CARD11/DOCK8/CD6/CD3E/CLECL1/KLRC4-KLRK1/NCKAP1L/TESPA1/TNFSF11/CORO1A/CCR7/TMIGD2/CD70/VAV1/RASAL3/IL12RB1/LILRB1/SIRPG/SASH3",29
"BP","GO:0050870","positive regulation of T cell activation","28/274","202/18670",1.97202645734229e-19,7.18310637086931e-17,5.88234734051971e-17,"RUNX3/PTPRC/CD28/CTLA4/ICOS/BTLA/CD86/IL7R/MYB/CARD11/DOCK8/CD6/CD3E/CLECL1/KLRC4-KLRK1/NCKAP1L/TESPA1/TNFSF11/CORO1A/CCR7/TMIGD2/CD70/VAV1/RASAL3/IL12RB1/LILRB1/SIRPG/SASH3",28
"BP","GO:1903037","regulation of leukocyte cell-cell adhesion","33/274","304/18670",2.27472371472327e-19,7.36504989411513e-17,6.03134346348265e-17,"RUNX3/PTPRC/LAX1/ITGA4/CD28/CTLA4/ICOS/BTLA/TIGIT/CD86/IL7R/ADTRP/RIPOR2/MYB/CARD11/DOCK8/CD6/CD3E/CLECL1/KLRC4-KLRK1/NCKAP1L/TESPA1/TNFSF11/CORO1A/CCR7/TMIGD2/CD70/VAV1/RASAL3/IL12RB1/LILRB1/SIRPG/SASH3",33
"BP","GO:0050867","positive regulation of cell activation","36/274","394/18670",1.44446758747501e-18,4.20917854990217e-16,3.44695581137457e-16,"RUNX3/CD2/FCRL3/PTPRC/PLEK/CD28/CTLA4/ICOS/INPP5D/BTLA/CD86/TLR6/STAP1/IL7R/MYB/CARD11/DOCK8/CD6/CD3E/CLECL1/KLRC4-KLRK1/NCKAP1L/TESPA1/TNFSF11/CORO1A/CCR7/MIR142/TMIGD2/CD70/VAV1/RASAL3/IL12RB1/LILRB1/SIRPG/BTK/SASH3",36
"BP","GO:0002696","positive regulation of leukocyte activation","35/274","380/18670",3.48878411361094e-18,9.24210627914752e-16,7.56849146943158e-16,"RUNX3/CD2/FCRL3/PTPRC/CD28/CTLA4/ICOS/INPP5D/BTLA/CD86/TLR6/STAP1/IL7R/MYB/CARD11/DOCK8/CD6/CD3E/CLECL1/KLRC4-KLRK1/NCKAP1L/TESPA1/TNFSF11/CORO1A/CCR7/MIR142/TMIGD2/CD70/VAV1/RASAL3/IL12RB1/LILRB1/SIRPG/BTK/SASH3",35
"BP","GO:0022409","positive regulation of cell-cell adhesion","29/274","255/18670",1.09172076904682e-17,2.65106193416868e-15,2.17099209072731e-15,"RUNX3/PTPRC/ITGA4/CD28/CTLA4/ICOS/BTLA/CD86/IL7R/MYB/CARD11/DOCK8/CD6/CD3E/CLECL1/KLRC4-KLRK1/NCKAP1L/TESPA1/TNFSF11/CORO1A/CCR7/TMIGD2/CD70/VAV1/RASAL3/IL12RB1/LILRB1/SIRPG/SASH3",29
"BP","GO:0050851","antigen receptor-mediated signaling pathway","31/274","316/18670",5.5246738905073e-17,1.23837690130294e-14,1.01412434897004e-14,"FCRL3/CD247/PTPRC/LAX1/CD28/CTLA4/INPP5D/KLHL6/TXK/STAP1/ITK/BTN1A1/CARD11/BLK/PAX5/MS4A1/CD3E/CD3D/CD3G/NCKAP1L/TESPA1/PRKCB/CD19/PLCG2/CCR7/CD79B/CD79A/KCNN4/UBASH3A/WAS/BTK",31
"BP","GO:0022407","regulation of cell-cell adhesion","34/274","402/18670",1.48741294224475e-16,3.09594379550087e-14,2.53531213539012e-14,"RUNX3/PTPRC/LAX1/ITGA4/CD28/CTLA4/ICOS/BTLA/TIGIT/CD86/IL7R/ADTRP/RIPOR2/MYB/CARD11/DOCK8/AKNA/CD6/CD3E/CLECL1/KLRC4-KLRK1/NCKAP1L/TESPA1/TNFSF11/CORO1A/CCR7/TMIGD2/CD70/VAV1/RASAL3/IL12RB1/LILRB1/SIRPG/SASH3",34
"BP","GO:0051251","positive regulation of lymphocyte activation","31/274","334/18670",2.65723356985715e-16,5.16211908170917e-14,4.2273322827131e-14,"RUNX3/FCRL3/PTPRC/CD28/CTLA4/ICOS/INPP5D/BTLA/CD86/IL7R/MYB/CARD11/DOCK8/CD6/CD3E/CLECL1/KLRC4-KLRK1/NCKAP1L/TESPA1/TNFSF11/CORO1A/CCR7/TMIGD2/CD70/VAV1/RASAL3/IL12RB1/LILRB1/SIRPG/BTK/SASH3",31
"BP","GO:0046651","lymphocyte proliferation","28/274","272/18670",5.59293644802269e-16,1.01861355059613e-13,8.34157034714963e-14,"FCRL3/PTPRC/CD28/CTLA4/INPP5D/CD86/IL7R/CD180/DOCK2/CARD11/DOCK8/TNFSF8/MS4A1/CD6/CD3E/CLECL1/NCKAP1L/CD19/CORO1A/TNFRSF13B/TMIGD2/CD70/RASAL3/IL12RB1/CD79A/LILRB1/BTK/SASH3",28
"BP","GO:0032943","mononuclear cell proliferation","28/274","274/18670",6.76423511392092e-16,1.15946947776268e-13,9.49505944474224e-14,"FCRL3/PTPRC/CD28/CTLA4/INPP5D/CD86/IL7R/CD180/DOCK2/CARD11/DOCK8/TNFSF8/MS4A1/CD6/CD3E/CLECL1/NCKAP1L/CD19/CORO1A/TNFRSF13B/TMIGD2/CD70/RASAL3/IL12RB1/CD79A/LILRB1/BTK/SASH3",28
"BP","GO:0070661","leukocyte proliferation","29/274","298/18670",7.36295281229409e-16,1.19198024972361e-13,9.76129475173725e-14,"FCRL3/PTPRC/CD28/CTLA4/INPP5D/CD86/IL7R/CD180/DOCK2/CARD11/DOCK8/TNFSF8/MS4A1/CD6/CD3E/CLECL1/NCKAP1L/TNFSF11/CD19/CORO1A/TNFRSF13B/TMIGD2/CD70/RASAL3/IL12RB1/CD79A/LILRB1/BTK/SASH3",29
"BP","GO:0046631","alpha-beta T cell activation","21/274","138/18670",1.07594042114137e-15,1.65015283537155e-13,1.35133348184348e-13,"RUNX3/SLAMF6/LY9/PTPRC/CD28/CD86/TCF7/ITK/DOCK2/IRF4/MYB/TNFSF8/FUT7/CD3E/NCKAP1L/GPR18/BCL11B/RASAL3/IL12RB1/LILRB1/SASH3",21
"BP","GO:0045058","T cell selection","14/274","47/18670",3.41900791699614e-15,4.98149453506337e-13,4.07941628833171e-13,"SLAMF6/LY9/PTPRC/CD28/DOCK2/IRF4/CARD11/CD3E/CD3D/CD3G/BCL11B/CCR7/IL12RB1/AIRE",14
"BP","GO:0002429","immune response-activating cell surface receptor signaling pathway","34/274","473/18670",1.8853495890664e-14,2.49723122842703e-12,2.04501795139403e-12,"FCRL3/CD247/PTPRC/LAX1/CR1/CD28/CTLA4/INPP5D/KLHL6/TXK/STAP1/ITK/BTN1A1/CARD11/BLK/PAX5/MS4A1/CD3E/CD3D/CD3G/KLRC4-KLRK1/NCKAP1L/TESPA1/PRKCB/CD19/PLCG2/CCR7/CD79B/VAV1/CD79A/KCNN4/UBASH3A/WAS/BTK",34
"BP","GO:0002757","immune response-activating signal transduction","34/274","473/18670",1.8853495890664e-14,2.49723122842703e-12,2.04501795139403e-12,"FCRL3/CD247/PTPRC/LAX1/CR1/CD28/CTLA4/INPP5D/KLHL6/TXK/STAP1/ITK/BTN1A1/CARD11/BLK/PAX5/MS4A1/CD3E/CD3D/CD3G/KLRC4-KLRK1/NCKAP1L/TESPA1/PRKCB/CD19/PLCG2/CCR7/CD79B/VAV1/CD79A/KCNN4/UBASH3A/WAS/BTK",34
"BP","GO:1902105","regulation of leukocyte differentiation","26/274","272/18670",3.81782158551231e-14,4.83701395660125e-12,3.96109910039195e-12,"RUNX3/CD2/FCRL3/PTPRC/CR1/CD28/CTLA4/GPR55/INPP5D/FANCD2/HCLS1/CD86/IL7R/CAMK4/IRF4/MYB/CARD11/NCKAP1L/TESPA1/TNFSF11/POU4F1/EVI2B/IL12RB1/LILRB1/BTK/SASH3",26
"BP","GO:0042113","B cell activation","27/274","310/18670",1.16637388813625e-13,1.41617229584543e-11,1.15972351070389e-11,"FCRL3/FCRL1/PTPRC/LAX1/ITGA4/CD28/CTLA4/INPP5D/IL7R/CD180/CCR6/CARD11/MS4A1/CXCR5/AICDA/NCKAP1L/PRKCB/CD19/PLCG2/TNFRSF13B/CD79B/C17orf99/CD70/CD79A/POU2F2/BTK/SASH3",27
"BP","GO:0050900","leukocyte migration","33/274","499/18670",4.86307684862327e-13,5.66840237475528e-11,4.64193482771745e-11,"CNR2/MCOLN2/CD2/CD84/XCL2/SELL/FCAMR/CXCR4/ITGA4/INPP5D/STAP1/ADTRP/RIPOR2/GPSM3/CCR6/DOCK8/FUT7/CH25H/CALCA/CXCR5/KLRC4-KLRK1/NCKAP1L/SELPLG/TNFSF11/GPR18/CHGA/CORO1A/CCR7/VAV1/SIRPG/AIRE/VPREB3/CXCR3",33
"BP","GO:0045619","regulation of lymphocyte differentiation","20/274","169/18670",7.0039320534426e-13,7.84979153989682e-11,6.42830524905036e-11,"RUNX3/CD2/FCRL3/PTPRC/CR1/CD28/CTLA4/INPP5D/FANCD2/CD86/IL7R/CAMK4/IRF4/MYB/CARD11/NCKAP1L/TESPA1/IL12RB1/BTK/SASH3",20
"BP","GO:0033077","T cell differentiation in thymus","14/274","70/18670",1.43131913007946e-12,1.54476442409316e-10,1.26502942217939e-10,"PTPRC/CD28/IL7R/CAMK4/DOCK2/CCR6/CARD11/CD3E/CD3D/CD3G/TESPA1/BCL11B/CCR7/AIRE",14
"BP","GO:0045785","positive regulation of cell adhesion","29/274","403/18670",1.74639755295011e-12,1.81750088189166e-10,1.48837716260824e-10,"RUNX3/PTPRC/ITGA4/CD28/CTLA4/ICOS/BTLA/CD86/IL7R/MYB/CARD11/DOCK8/CD6/CD3E/CLECL1/KLRC4-KLRK1/NCKAP1L/TESPA1/TNFSF11/CORO1A/CCR7/TMIGD2/CD70/VAV1/RASAL3/IL12RB1/LILRB1/SIRPG/SASH3",29
"BP","GO:0050670","regulation of lymphocyte proliferation","21/274","208/18670",4.15676946146539e-12,4.17683662438281e-10,3.42047055141272e-10,"FCRL3/PTPRC/CD28/CTLA4/INPP5D/CD86/CARD11/TNFSF8/CD6/CD3E/CLECL1/NCKAP1L/CORO1A/TNFRSF13B/TMIGD2/CD70/RASAL3/IL12RB1/LILRB1/BTK/SASH3",21
"BP","GO:0032944","regulation of mononuclear cell proliferation","21/274","209/18670",4.56101420687676e-12,4.4302651329463e-10,3.62800673929461e-10,"FCRL3/PTPRC/CD28/CTLA4/INPP5D/CD86/CARD11/TNFSF8/CD6/CD3E/CLECL1/NCKAP1L/CORO1A/TNFRSF13B/TMIGD2/CD70/RASAL3/IL12RB1/LILRB1/BTK/SASH3",21
"BP","GO:0045061","thymic T cell selection","9/274","21/18670",6.98027270481135e-12,6.56145634252267e-10,5.37326934526565e-10,"PTPRC/CD28/DOCK2/CARD11/CD3E/CD3D/CD3G/CCR7/AIRE",9
"BP","GO:0042100","B cell proliferation","15/274","95/18670",8.31457720595232e-12,7.57146186817033e-10,6.20037714667563e-10,"FCRL3/PTPRC/CTLA4/INPP5D/IL7R/CD180/CARD11/MS4A1/NCKAP1L/CD19/TNFRSF13B/CD70/CD79A/BTK/SASH3",15
"BP","GO:0070663","regulation of leukocyte proliferation","21/274","222/18670",1.45484078515476e-11,1.28466849937605e-09,1.05203319296518e-09,"FCRL3/PTPRC/CD28/CTLA4/INPP5D/CD86/CARD11/TNFSF8/CD6/CD3E/CLECL1/NCKAP1L/CORO1A/TNFRSF13B/TMIGD2/CD70/RASAL3/IL12RB1/LILRB1/BTK/SASH3",21
"BP","GO:0046632","alpha-beta T cell differentiation","15/274","101/18670",2.07188915155816e-11,1.77573087871779e-09,1.45417111658897e-09,"RUNX3/SLAMF6/LY9/CD86/TCF7/ITK/IRF4/MYB/TNFSF8/FUT7/NCKAP1L/GPR18/BCL11B/IL12RB1/SASH3",15
"BP","GO:0045580","regulation of T cell differentiation","17/274","139/18670",2.28310227830419e-11,1.9008457254224e-09,1.55662943305732e-09,"RUNX3/CD2/PTPRC/CR1/CD28/CTLA4/FANCD2/CD86/IL7R/CAMK4/IRF4/MYB/CARD11/NCKAP1L/TESPA1/IL12RB1/SASH3",17
"BP","GO:0042098","T cell proliferation","19/274","184/18670",3.03866367991397e-11,2.45962943424148e-09,2.01422531063303e-09,"PTPRC/CD28/CTLA4/CD86/DOCK2/CARD11/DOCK8/TNFSF8/CD6/CD3E/CLECL1/NCKAP1L/CORO1A/TMIGD2/CD70/RASAL3/IL12RB1/LILRB1/SASH3",19
"BP","GO:0043368","positive T cell selection","10/274","34/18670",3.78275196975813e-11,2.97917276753383e-09,2.43968669002608e-09,"SLAMF6/LY9/PTPRC/DOCK2/IRF4/CD3E/CD3D/CD3G/BCL11B/IL12RB1",10
"BP","GO:0002683","negative regulation of immune system process","28/274","435/18670",6.01086087897275e-11,4.60938121087542e-09,3.77468742732167e-09,"CNR2/RUNX3/FCRL3/CD84/PTPRC/LAX1/CR1/MIXL1/CTLA4/GPR55/INPP5D/TIGIT/CD86/GPR171/STAP1/IL7R/ADTRP/RIPOR2/HLA-DOB/NLRP6/TSPAN32/KLRC4-KLRK1/GPR18/NLRC3/TNFRSF13B/LILRB1/UBASH3A/BTK",28
"BP","GO:0050853","B cell receptor signaling pathway","16/274","129/18670",7.22928476145571e-11,5.40157328073896e-09,4.42342471099058e-09,"FCRL3/PTPRC/CTLA4/KLHL6/STAP1/ITK/BLK/PAX5/MS4A1/NCKAP1L/PRKCB/CD19/PLCG2/CD79B/CD79A/BTK",16
"BP","GO:1903706","regulation of hemopoiesis","29/274","475/18670",9.46681307304547e-11,6.89657332371362e-09,5.64770137805107e-09,"RUNX3/CD2/FCRL3/PTPRC/CR1/MIXL1/CD28/CTLA4/GPR55/INPP5D/FANCD2/HCLS1/CD86/GPR171/IL7R/CAMK4/IRF4/MYB/CARD11/NCKAP1L/TESPA1/TNFSF11/POU4F1/PRKCB/EVI2B/IL12RB1/LILRB1/BTK/SASH3",29
"BP","GO:0042102","positive regulation of T cell proliferation","14/274","95/18670",1.09156905891157e-10,7.75812740894709e-09,6.3532401965405e-09,"PTPRC/CD28/CD86/CARD11/CD6/CD3E/CLECL1/NCKAP1L/CORO1A/TMIGD2/CD70/RASAL3/IL12RB1/SASH3",14
"BP","GO:0042129","regulation of T cell proliferation","17/274","156/18670",1.45782843059105e-10,1.01145524922436e-08,8.28295000538825e-09,"PTPRC/CD28/CTLA4/CD86/CARD11/TNFSF8/CD6/CD3E/CLECL1/NCKAP1L/CORO1A/TMIGD2/CD70/RASAL3/IL12RB1/LILRB1/SASH3",17
"BP","GO:0050852","T cell receptor signaling pathway","19/274","202/18670",1.54460601608805e-10,1.04673998392572e-08,8.57190168536503e-09,"CD247/PTPRC/CD28/CTLA4/INPP5D/TXK/ITK/BTN1A1/CARD11/CD3E/CD3D/CD3G/TESPA1/PLCG2/CCR7/KCNN4/UBASH3A/WAS/BTK",19
"BP","GO:0031295","T cell costimulation","11/274","56/18670",4.61993729824851e-10,3.05965847434004e-08,2.50559757299746e-08,"CD28/CTLA4/ICOS/BTLA/CD86/CARD11/CD3E/KLRC4-KLRK1/CCR7/TMIGD2/VAV1",11
"BP","GO:0031294","lymphocyte costimulation","11/274","57/18670",5.6508924708438e-10,3.65926681334197e-08,2.99662531728723e-08,"CD28/CTLA4/ICOS/BTLA/CD86/CARD11/CD3E/KLRC4-KLRK1/CCR7/TMIGD2/VAV1",11
"BP","GO:0050671","positive regulation of lymphocyte proliferation","15/274","130/18670",8.0534753405171e-10,5.1017015526667e-08,4.17785551417672e-08,"FCRL3/PTPRC/CD28/CD86/CARD11/CD6/CD3E/CLECL1/NCKAP1L/CORO1A/TMIGD2/CD70/RASAL3/IL12RB1/SASH3",15
"BP","GO:0060326","cell chemotaxis","22/274","304/18670",8.51660077865375e-10,5.25394348563284e-08,4.30252858502679e-08,"CNR2/XCL2/CXCR4/CCR4/CCR9/STAP1/RIPOR2/GPSM3/CCR6/CH25H/CALCA/CXCR5/KLRC4-KLRK1/BIN2/NCKAP1L/TNFSF11/GPR18/CHGA/CORO1A/CCR7/VAV1/CXCR3",22
"BP","GO:0030183","B cell differentiation","15/274","131/18670",8.97658007823346e-10,5.25394348563284e-08,4.30252858502679e-08,"FCRL3/PTPRC/ITGA4/INPP5D/CARD11/MS4A1/AICDA/NCKAP1L/CD19/PLCG2/CD79B/C17orf99/CD79A/POU2F2/BTK",15
"BP","GO:0032946","positive regulation of mononuclear cell proliferation","15/274","131/18670",8.97658007823346e-10,5.25394348563284e-08,4.30252858502679e-08,"FCRL3/PTPRC/CD28/CD86/CARD11/CD6/CD3E/CLECL1/NCKAP1L/CORO1A/TMIGD2/CD70/RASAL3/IL12RB1/SASH3",15
"BP","GO:0030595","leukocyte chemotaxis","19/274","224/18670",9.01500254912979e-10,5.25394348563284e-08,4.30252858502679e-08,"CNR2/XCL2/CXCR4/STAP1/RIPOR2/GPSM3/CCR6/CH25H/CALCA/CXCR5/KLRC4-KLRK1/NCKAP1L/TNFSF11/GPR18/CHGA/CORO1A/CCR7/VAV1/CXCR3",19
"BP","GO:0001819","positive regulation of cytokine production","27/274","464/18670",1.25168138746172e-09,7.15176384914402e-08,5.85668050645143e-08,"MCOLN2/CD2/AIM2/SLAMF6/LY9/PTPRC/CD28/TIGIT/CD86/TLR6/TXK/IRF4/GPSM3/MYB/CARD11/CD6/BIRC3/CD3E/KLRC4-KLRK1/PLCG2/IRF8/CCR7/TMIGD2/IL12RB1/LILRB1/ZBP1/SASH3",27
"BP","GO:0070665","positive regulation of leukocyte proliferation","15/274","139/18670",2.06717369251432e-09,1.15841233461283e-07,9.48640235006065e-08,"FCRL3/PTPRC/CD28/CD86/CARD11/CD6/CD3E/CLECL1/NCKAP1L/CORO1A/TMIGD2/CD70/RASAL3/IL12RB1/SASH3",15
"BP","GO:0050854","regulation of antigen receptor-mediated signaling pathway","11/274","65/18670",2.4710259036865e-09,1.35859801572499e-07,1.11257511889917e-07,"FCRL3/PTPRC/STAP1/BLK/PAX5/TESPA1/PRKCB/CD19/CCR7/KCNN4/UBASH3A",11
"BP","GO:1902107","positive regulation of leukocyte differentiation","15/274","144/18670",3.38378103101217e-09,1.82598850451287e-07,1.49532779674554e-07,"RUNX3/PTPRC/INPP5D/HCLS1/CD86/IL7R/MYB/NCKAP1L/TESPA1/TNFSF11/POU4F1/EVI2B/IL12RB1/BTK/SASH3",15
"BP","GO:0045060","negative thymic T cell selection","6/274","11/18670",4.10971751759225e-09,2.17740306295706e-07,1.78310614591036e-07,"PTPRC/CD28/DOCK2/CD3E/CCR7/AIRE",6
"BP","GO:0043383","negative T cell selection","6/274","12/18670",8.11837952659887e-09,4.22445677509091e-07,3.45946736593978e-07,"PTPRC/CD28/DOCK2/CD3E/CCR7/AIRE",6
"BP","GO:0002285","lymphocyte activation involved in immune response","16/274","181/18670",1.0998514417498e-08,5.62274930045423e-07,4.6045488798648e-07,"SLAMF6/LY9/PTPRC/CD28/CD86/CD180/IRF4/MYB/CCR6/AICDA/CD19/CORO1A/PLCG2/C17orf99/IL12RB1/LILRB1",16
"BP","GO:0046634","regulation of alpha-beta T cell activation","12/274","93/18670",1.13773830426355e-08,5.71615417004134e-07,4.68103944785021e-07,"RUNX3/PTPRC/CD28/CD86/IRF4/MYB/CD3E/NCKAP1L/RASAL3/IL12RB1/LILRB1/SASH3",12
"BP","GO:0045086","positive regulation of interleukin-2 biosynthetic process","6/274","13/18670",1.48916635422458e-08,7.35496738340748e-07,6.02308675294757e-07,"PTPRC/CD28/CD86/IRF4/CARD11/CD3E",6
"BP","GO:0046635","positive regulation of alpha-beta T cell activation","10/274","62/18670",2.16052840711493e-08,1.04929662972215e-06,8.59283841917466e-07,"RUNX3/PTPRC/CD28/CD86/MYB/CD3E/NCKAP1L/RASAL3/IL12RB1/SASH3",10
"BP","GO:0007204","positive regulation of cytosolic calcium ion concentration","20/274","319/18670",5.67382531101438e-08,2.71041425513048e-06,2.21959654530968e-06,"CD52/MCOLN2/PTPRC/CXCR4/GPR55/CCR4/CCR9/CCR6/CALCA/MS4A1/CXCR5/GPR18/CD19/CORO1A/PLCG2/P2RX5/CCR7/S1PR4/CXCR3/P2RY10",20
"BP","GO:0002449","lymphocyte mediated immunity","21/274","352/18670",6.12285314244211e-08,2.87774097694779e-06,2.3566227629739e-06,"SLAMF6/PTPRC/CR1/CD28/INPP5D/IL7R/CCR6/AICDA/KLRC4-KLRK1/CD19/CORO1A/C17orf99/CD70/VAV1/IL12RB1/POU2F2/LILRB1/AIRE/WAS/BTK/SASH3",21
"BP","GO:0051480","regulation of cytosolic calcium ion concentration","21/274","357/18670",7.77846707685117e-08,3.59784969237211e-06,2.94632996879225e-06,"CD52/MCOLN2/PTPRC/CXCR4/GPR55/CCR4/CCR9/CCR6/CALCA/MS4A1/CXCR5/GPR18/CD19/CORO1A/PLCG2/P2RX5/P2RX1/CCR7/S1PR4/CXCR3/P2RY10",21
"BP","GO:0002460","adaptive immune response based on somatic recombination of immune receptors built from immunoglobulin superfamily domains","21/274","361/18670",9.39026389944097e-08,4.27550453171422e-06,3.50127109540011e-06,"SLAMF6/LY9/PTPRC/CR1/CD28/INPP5D/KLHL6/IL7R/IRF4/CCR6/AICDA/CD19/C17orf99/CD70/IL12RB1/POU2F2/LILRB1/AIRE/WAS/BTK/SASH3",21
"BP","GO:1903708","positive regulation of hemopoiesis","15/274","185/18670",1.00742025349752e-07,4.51634249029501e-06,3.69849670393339e-06,"RUNX3/PTPRC/INPP5D/HCLS1/CD86/IL7R/MYB/NCKAP1L/TESPA1/TNFSF11/POU4F1/EVI2B/IL12RB1/BTK/SASH3",15
"BP","GO:0043367","CD4-positive, alpha-beta T cell differentiation","10/274","74/18670",1.23662864713192e-07,5.45990284506428e-06,4.47119161570665e-06,"RUNX3/SLAMF6/LY9/CD86/IRF4/MYB/FUT7/NCKAP1L/IL12RB1/SASH3",10
"BP","GO:0045621","positive regulation of lymphocyte differentiation","11/274","94/18670",1.30885393145725e-07,5.69253784517376e-06,4.66169970559871e-06,"RUNX3/PTPRC/INPP5D/CD86/IL7R/MYB/NCKAP1L/TESPA1/IL12RB1/BTK/SASH3",11
"BP","GO:0002377","immunoglobulin production","15/274","193/18670",1.75517493015443e-07,7.52144080363238e-06,6.15941418987632e-06,"FCRL3/PTPRC/LAX1/CD28/POLQ/IL7R/CCR6/CARD11/AICDA/C17orf99/TMIGD2/POU2F2/VPREB3/BTK/SASH3",15
"BP","GO:0032743","positive regulation of interleukin-2 production","7/274","30/18670",2.07159558113731e-07,8.74873843975958e-06,7.16446557198821e-06,"PTPRC/CD28/CD86/IRF4/CARD11/CD3E/SASH3",7
"BP","GO:0045076","regulation of interleukin-2 biosynthetic process","6/274","19/18670",2.18627013217241e-07,9.10113023592916e-06,7.45304419493964e-06,"PTPRC/CD28/CD86/IRF4/CARD11/CD3E",6
"BP","GO:0030888","regulation of B cell proliferation","9/274","61/18670",2.46538761454027e-07,1.01185063503808e-05,8.28618787570466e-06,"FCRL3/PTPRC/CTLA4/INPP5D/CARD11/NCKAP1L/TNFRSF13B/BTK/SASH3",9
"BP","GO:0002706","regulation of lymphocyte mediated immunity","13/274","149/18670",3.12054794863497e-07,1.26295510032254e-05,1.03425178356074e-05,"SLAMF6/PTPRC/CR1/CD28/IL7R/KLRC4-KLRK1/C17orf99/VAV1/IL12RB1/LILRB1/WAS/BTK/SASH3",13
"BP","GO:0002695","negative regulation of leukocyte activation","14/274","175/18670",3.18985344721615e-07,1.27331958153258e-05,1.04273940372589e-05,"CNR2/RUNX3/CD84/PTPRC/LAX1/CTLA4/INPP5D/TIGIT/CD86/RIPOR2/TSPAN32/TNFRSF13B/LILRB1/BTK",14
"BP","GO:0002697","regulation of immune effector process","23/274","462/18670",3.70739294782463e-07,1.4599112229677e-05,1.19554193637531e-05,"FCRL3/AIM2/SLAMF6/CD84/PTPRC/CR1/CD28/CD86/STAP1/IL7R/IRF4/MYB/TSPAN32/BIRC3/KLRC4-KLRK1/CD19/C17orf99/VAV1/IL12RB1/LILRB1/WAS/BTK/SASH3",23
"BP","GO:0002703","regulation of leukocyte mediated immunity","15/274","205/18670",3.83402179366401e-07,1.48964526756492e-05,1.21989156578755e-05,"SLAMF6/CD84/PTPRC/CR1/CD28/STAP1/IL7R/KLRC4-KLRK1/C17orf99/VAV1/IL12RB1/LILRB1/WAS/BTK/SASH3",15
"BP","GO:0032633","interleukin-4 production","7/274","33/18670",4.18655312037287e-07,1.60521260431139e-05,1.31453129139686e-05,"CD28/CD86/ITK/IRF4/CD3E/CLECL1/SASH3",7
"BP","GO:0055074","calcium ion homeostasis","23/274","471/18670",5.19083482394781e-07,1.96442762038752e-05,1.60869754557617e-05,"CD52/MCOLN2/PTPRC/CXCR4/GPR55/CCR4/CCR9/CCR6/CALCA/MS4A1/CXCR5/TNFSF11/GPR18/PRKCB/CD19/CORO1A/PLCG2/P2RX5/P2RX1/CCR7/S1PR4/CXCR3/P2RY10",23
"BP","GO:0042094","interleukin-2 biosynthetic process","6/274","22/18670",5.79362845403529e-07,2.16444016859728e-05,1.77249064848826e-05,"PTPRC/CD28/CD86/IRF4/CARD11/CD3E",6
"BP","GO:0072676","lymphocyte migration","11/274","111/18670",7.19927485780425e-07,2.65552999185336e-05,2.17465104632142e-05,"XCL2/ITGA4/ADTRP/RIPOR2/CCR6/DOCK8/CH25H/KLRC4-KLRK1/CCR7/AIRE/CXCR3",11
"BP","GO:0045059","positive thymic T cell selection","5/274","13/18670",7.67308465088949e-07,2.7949210840865e-05,2.28880038204822e-05,"PTPRC/DOCK2/CD3E/CD3D/CD3G",5
"BP","GO:0002237","response to molecule of bacterial origin","19/274","343/18670",8.19769702485884e-07,2.94914680622699e-05,2.41509800589409e-05,"CNR2/GFI1/IL24/KMO/CD86/TLR6/STAP1/CD180/CD6/IL10RA/AICDA/KLRC4-KLRK1/PLCG2/IRF8/CCR7/MIR142/ACP5/LILRB1/CSF2RB",19
"BP","GO:0032609","interferon-gamma production","11/274","113/18670",8.61840489836507e-07,3.06268681388242e-05,2.50807752305438e-05,"CD2/SLAMF6/TXK/ITK/CD3E/KLRC4-KLRK1/IRF8/CCR7/IL12RB1/LILRB1/SASH3",11
"BP","GO:0035710","CD4-positive, alpha-beta T cell activation","10/274","92/18670",9.84349605303308e-07,3.45589728898053e-05,2.83008313915358e-05,"RUNX3/SLAMF6/LY9/CD86/IRF4/MYB/FUT7/NCKAP1L/IL12RB1/SASH3",10
"BP","GO:0050857","positive regulation of antigen receptor-mediated signaling pathway","6/274","24/18670",1.01964829935292e-06,3.53720850513619e-05,2.89667004339983e-05,"PTPRC/STAP1/TESPA1/PRKCB/CCR7/KCNN4",6
"BP","GO:0046629","gamma-delta T cell activation","5/274","14/18670",1.17929086510684e-06,4.04288656578981e-05,3.31077695504299e-05,"PTPRC/CCR9/NCKAP1L/GPR18/LILRB1",5
"BP","GO:0002440","production of molecular mediator of immune response","17/274","286/18670",1.20499932507561e-06,4.07423236860357e-05,3.336446476041e-05,"FCRL3/PTPRC/LAX1/CD28/POLQ/IL7R/CCR6/CARD11/AICDA/CHGA/C17orf99/TMIGD2/POU2F2/LILRB1/VPREB3/BTK/SASH3",17
"BP","GO:0006874","cellular calcium ion homeostasis","22/274","458/18670",1.21639744704362e-06,4.07423236860357e-05,3.336446476041e-05,"CD52/MCOLN2/PTPRC/CXCR4/GPR55/CCR4/CCR9/CCR6/CALCA/MS4A1/CXCR5/GPR18/PRKCB/CD19/CORO1A/PLCG2/P2RX5/P2RX1/CCR7/S1PR4/CXCR3/P2RY10",22
"BP","GO:0002685","regulation of leukocyte migration","14/274","196/18670",1.25668266248303e-06,4.16133327099493e-05,3.40777463618304e-05,"XCL2/ITGA4/STAP1/ADTRP/RIPOR2/GPSM3/CCR6/DOCK8/KLRC4-KLRK1/NCKAP1L/GPR18/CCR7/AIRE/CXCR3",14
"BP","GO:0050866","negative regulation of cell activation","14/274","199/18670",1.50580852557129e-06,4.93025398147724e-05,4.03745467471333e-05,"CNR2/RUNX3/CD84/PTPRC/LAX1/CTLA4/INPP5D/TIGIT/CD86/RIPOR2/TSPAN32/TNFRSF13B/LILRB1/BTK",14
"BP","GO:1990868","response to chemokine","10/274","97/18670",1.60985722242647e-06,5.1550812595063e-05,4.22156891063135e-05,"XCL2/CXCR4/CCR4/CCR9/RIPOR2/CCR6/DOCK8/CXCR5/CCR7/CXCR3",10
"BP","GO:1990869","cellular response to chemokine","10/274","97/18670",1.60985722242647e-06,5.1550812595063e-05,4.22156891063135e-05,"XCL2/CXCR4/CCR4/CCR9/RIPOR2/CCR6/DOCK8/CXCR5/CCR7/CXCR3",10
"BP","GO:0032496","response to lipopolysaccharide","18/274","330/18670",1.99886515778244e-06,6.33118811932394e-05,5.18469944244026e-05,"CNR2/GFI1/IL24/KMO/CD86/STAP1/CD180/CD6/IL10RA/AICDA/KLRC4-KLRK1/PLCG2/IRF8/CCR7/MIR142/ACP5/LILRB1/CSF2RB",18
"BP","GO:0032649","regulation of interferon-gamma production","10/274","101/18670",2.33595953719885e-06,7.31933988322307e-05,5.99391088945082e-05,"CD2/SLAMF6/TXK/CD3E/KLRC4-KLRK1/IRF8/CCR7/IL12RB1/LILRB1/SASH3",10
"BP","GO:0001773","myeloid dendritic cell activation","6/274","28/18670",2.71668187833488e-06,8.42171382283813e-05,6.89666049068888e-05,"CD2/SLAMF1/CAMK4/DOCK2/IRF4/TSPAN32",6
"BP","GO:0050727","regulation of inflammatory response","19/274","374/18670",2.94911917418682e-06,9.04603502482148e-05,7.40792594779117e-05,"CNR2/PTPRC/CD28/FANCD2/TLR10/TLR6/STAP1/GPSM3/IL22RA2/AKNA/NLRP6/CD6/BIRC3/TNFSF11/NLRC3/CCR7/MIR142/ACP5/BTK",19
"BP","GO:0032623","interleukin-2 production","8/274","62/18670",3.30891333655267e-06,0.000100439306903276,8.22511681355801e-05,"CD247/PTPRC/CD28/CD86/IRF4/CARD11/CD3E/SASH3",8
"BP","GO:0050855","regulation of B cell receptor signaling pathway","6/274","29/18670",3.38342622278487e-06,0.000101642309414382,8.32363238964003e-05,"FCRL3/STAP1/BLK/PAX5/PRKCB/CD19",6
"BP","GO:0045582","positive regulation of T cell differentiation","9/274","83/18670",3.52686918721766e-06,0.000104870375628084,8.58798329476093e-05,"RUNX3/PTPRC/CD86/IL7R/MYB/NCKAP1L/TESPA1/IL12RB1/SASH3",9
"BP","GO:2000401","regulation of lymphocyte migration","8/274","63/18670",3.74250576071342e-06,0.000110158199865847,9.02101069594611e-05,"XCL2/ITGA4/ADTRP/RIPOR2/CCR6/DOCK8/KLRC4-KLRK1/AIRE",8
"BP","GO:0072503","cellular divalent inorganic cation homeostasis","22/274","493/18670",4.02985193553529e-06,0.000117429885401498,9.61649930300896e-05,"CD52/MCOLN2/PTPRC/CXCR4/GPR55/CCR4/CCR9/CCR6/CALCA/MS4A1/CXCR5/GPR18/PRKCB/CD19/CORO1A/PLCG2/P2RX5/P2RX1/CCR7/S1PR4/CXCR3/P2RY10",22
"BP","GO:0031349","positive regulation of defense response","19/274","384/18670",4.32333251141882e-06,0.000124734563745292,0.00010214689737766,"AIM2/SLAMF6/CD28/TLR10/TLR6/TXK/STAP1/GPSM3/CARD11/CD6/KLRC4-KLRK1/TNFSF11/COCH/PLCG2/CCR7/MIR142/VAV1/ZBP1/BTK",19
"BP","GO:0019722","calcium-mediated signaling","14/274","218/18670",4.39223886903149e-06,0.000125480235925076,0.000102757538865783,"PTPRC/PLEK/CXCR4/CCR4/CCR9/CCR6/CD3E/CXCR5/TNFSF11/PLCG2/P2RX5/CCR7/CXCR3/BTK",14
"BP","GO:0002699","positive regulation of immune effector process","14/274","219/18670",4.63141222572178e-06,0.00013102849733741,0.000107301088561178,"SLAMF6/CD84/PTPRC/CD28/CD86/STAP1/MYB/KLRC4-KLRK1/C17orf99/VAV1/IL12RB1/LILRB1/BTK/SASH3",14
"BP","GO:0032729","positive regulation of interferon-gamma production","8/274","65/18670",4.7554717480154e-06,0.000133244660324201,0.000109115935756588,"CD2/SLAMF6/TXK/CD3E/KLRC4-KLRK1/IRF8/IL12RB1/SASH3",8
"BP","GO:0043370","regulation of CD4-positive, alpha-beta T cell differentiation","7/274","47/18670",5.17160554068573e-06,0.000143524367100555,0.000117534132939695,"RUNX3/CD86/IRF4/MYB/NCKAP1L/IL12RB1/SASH3",7
"BP","GO:0019932","second-messenger-mediated signaling","20/274","439/18670",8.26158653364789e-06,0.000227115690179717,0.000185988248974973,"PTPRC/PLEK/CXCR4/CCR4/CCR9/CCR6/PDE3B/CALCA/CD3E/CXCR5/TNFSF11/CHGA/ADGRG5/PLCG2/P2RX5/CCR7/MC4R/S1PR4/CXCR3/BTK",20
"BP","GO:0001768","establishment of T cell polarity","4/274","10/18670",8.89073371526594e-06,0.000242127084544719,0.000198281292006964,"DOCK2/RIPOR2/DOCK8/CCR7",4
"BP","GO:0000280","nuclear division","19/274","407/18670",9.91108515740363e-06,0.000267415760635872,0.000218990546314172,"NUF2/ASPM/NEK2/CENPF/NCAPH/BUB1/CD28/FANCD2/NCAPG/CENPK/MKI67/ESPL1/BRCA2/DLGAP5/AURKB/TOP2A/BRIP1/MYBL2/MEI1",19
"BP","GO:0002312","B cell activation involved in immune response","8/274","73/18670",1.14453279436942e-05,0.000305978767228668,0.000250570337502218,"PTPRC/CD28/CD180/CCR6/AICDA/CD19/PLCG2/C17orf99",8
"BP","GO:0032663","regulation of interleukin-2 production","7/274","54/18670",1.33422647435913e-05,0.00035344872238932,0.000289444154772455,"PTPRC/CD28/CD86/IRF4/CARD11/CD3E/SASH3",7
"BP","GO:0001767","establishment of lymphocyte polarity","4/274","11/18670",1.38099142377689e-05,0.000362541352151879,0.000296890237809598,"DOCK2/RIPOR2/DOCK8/CCR7",4
"BP","GO:0002381","immunoglobulin production involved in immunoglobulin mediated immune response","7/274","56/18670",1.70407120736599e-05,0.000443362812345044,0.000363076073975441,"PTPRC/CD28/CCR6/AICDA/C17orf99/POU2F2/BTK",7
"BP","GO:0032753","positive regulation of interleukin-4 production","5/274","23/18670",1.77865524869168e-05,0.000454649245148031,0.00037231869333186,"CD28/CD86/IRF4/CD3E/SASH3",5
"BP","GO:0036037","CD8-positive, alpha-beta T cell activation","5/274","23/18670",1.77865524869168e-05,0.000454649245148031,0.00037231869333186,"RUNX3/TNFSF8/NCKAP1L/GPR18/LILRB1",5
"BP","GO:0001910","regulation of leukocyte mediated cytotoxicity","8/274","78/18670",1.87409109112744e-05,0.000474878386047423,0.000388884622753859,"SLAMF6/PTPRC/STAP1/IL7R/KLRC4-KLRK1/VAV1/IL12RB1/LILRB1",8
"BP","GO:0072540","T-helper 17 cell lineage commitment","4/274","12/18670",2.04759126628678e-05,0.000514369047410318,0.000421224083545566,"SLAMF6/LY9/IRF4/IL12RB1",4
"BP","GO:0007059","chromosome segregation","16/274","321/18670",2.28196753988552e-05,0.000568346445403966,0.000465426937734635,"NUF2/NEK2/CENPF/NCAPH/BUB1/HJURP/FANCD2/NCAPG/CENPK/MKI67/ESPL1/DLGAP5/AURKB/TOP2A/BRIP1/MEI1",16
"BP","GO:0002708","positive regulation of lymphocyte mediated immunity","9/274","105/18670",2.43523179031726e-05,0.000601378426863093,0.000492477294259521,"SLAMF6/PTPRC/CD28/KLRC4-KLRK1/C17orf99/VAV1/IL12RB1/BTK/SASH3",9
"BP","GO:0001909","leukocyte mediated cytotoxicity","9/274","107/18670",2.83246331269844e-05,0.000693596478420442,0.000567995960184641,"SLAMF6/PTPRC/STAP1/IL7R/KLRC4-KLRK1/CORO1A/VAV1/IL12RB1/LILRB1",9
"BP","GO:2000106","regulation of leukocyte apoptotic process","8/274","83/18670",2.9596669287509e-05,0.000718705785865009,0.000588558326971779,"HCLS1/IL7R/DOCK8/CD3G/AURKB/CCR7/LILRB1/BTK",8
"BP","GO:2000514","regulation of CD4-positive, alpha-beta T cell activation","7/274","61/18670",3.01154755319787e-05,0.000725260295042859,0.000593925907185696,"RUNX3/CD86/IRF4/MYB/NCKAP1L/IL12RB1/SASH3",7
"BP","GO:0002705","positive regulation of leukocyte mediated immunity","10/274","136/18670",3.29700026094231e-05,0.000787496619703762,0.000644892113162746,"SLAMF6/PTPRC/CD28/STAP1/KLRC4-KLRK1/C17orf99/VAV1/IL12RB1/BTK/SASH3",10
"BP","GO:0006909","phagocytosis","17/274","369/18670",3.45425931212962e-05,0.000818350539475261,0.000670158824184668,"SLAMF1/CD247/PTPRC/ARHGAP25/STAP1/DOCK2/CD3G/BIN2/NCKAP1L/CORO1A/PLCG2/IRF8/VAV1/SIRPG/IL2RB/WAS/IL2RG",17
"BP","GO:0098813","nuclear chromosome segregation","14/274","262/18670",3.49294217285054e-05,0.000820841410619876,0.000672198633773529,"NUF2/NEK2/CENPF/NCAPH/BUB1/FANCD2/NCAPG/CENPK/ESPL1/DLGAP5/AURKB/TOP2A/BRIP1/MEI1",14
"BP","GO:0046637","regulation of alpha-beta T cell differentiation","7/274","63/18670",3.7250309067732e-05,0.000868379204986967,0.000711128005528828,"RUNX3/CD86/IRF4/MYB/NCKAP1L/IL12RB1/SASH3",7
"BP","GO:0048285","organelle fission","19/274","449/18670",3.84552727510043e-05,0.000889354482511322,0.000728304956779673,"NUF2/ASPM/NEK2/CENPF/NCAPH/BUB1/CD28/FANCD2/NCAPG/CENPK/MKI67/ESPL1/BRCA2/DLGAP5/AURKB/TOP2A/BRIP1/MYBL2/MEI1",19
"BP","GO:0001771","immunological synapse formation","4/274","14/18670",4.04576928828124e-05,0.000918739348906346,0.000752368639226488,"DOCK2/DOCK8/CD6/CCR7",4
"BP","GO:0043374","CD8-positive, alpha-beta T cell differentiation","4/274","14/18670",4.04576928828124e-05,0.000918739348906346,0.000752368639226488,"RUNX3/TNFSF8/NCKAP1L/GPR18",4
"BP","GO:0032673","regulation of interleukin-4 production","5/274","27/18670",4.06717144848726e-05,0.000918739348906346,0.000752368639226488,"CD28/CD86/IRF4/CD3E/SASH3",5
"BP","GO:2000404","regulation of T cell migration","6/274","44/18670",4.18078292063857e-05,0.000937138571595446,0.000767436022760133,"XCL2/ITGA4/RIPOR2/CCR6/DOCK8/AIRE",6
"BP","GO:0070098","chemokine-mediated signaling pathway","8/274","88/18670",4.52803711441763e-05,0.00100722901919183,0.000824834081027302,"XCL2/CXCR4/CCR4/CCR9/CCR6/CXCR5/CCR7/CXCR3",8
"BP","GO:0072678","T cell migration","7/274","65/18670",4.57175559924002e-05,0.00100924968304435,0.000826488831218272,"XCL2/ITGA4/RIPOR2/CCR6/DOCK8/AIRE/CXCR3",7
"BP","GO:0002688","regulation of leukocyte chemotaxis","9/274","114/18670",4.68379151418224e-05,0.00101854988599456,0.000834104898872832,"XCL2/STAP1/RIPOR2/GPSM3/CCR6/KLRC4-KLRK1/NCKAP1L/GPR18/CCR7",9
"BP","GO:0042035","regulation of cytokine biosynthetic process","9/274","114/18670",4.68379151418224e-05,0.00101854988599456,0.000834104898872832,"PTPRC/CD28/INPP5D/CD86/TLR6/IRF4/CARD11/CD3E/LILRB1",9
"BP","GO:0071216","cellular response to biotic stimulus","13/274","236/18670",4.86544658648508e-05,0.00104824311805703,0.000858421106323481,"GFI1/IL24/KMO/CD86/TLR6/STAP1/CD180/CD6/AICDA/KLRC4-KLRK1/IRF8/LILRB1/BTK",13
"BP","GO:0045577","regulation of B cell differentiation","5/274","28/18670",4.89228085297723e-05,0.00104824311805703,0.000858421106323481,"FCRL3/INPP5D/CARD11/NCKAP1L/BTK",5
"BP","GO:0045132","meiotic chromosome segregation","8/274","90/18670",5.32455163717651e-05,0.00113253601976149,0.000927449755011845,"NUF2/NCAPH/BUB1/FANCD2/ESPL1/TOP2A/BRIP1/MEI1",8
"BP","GO:0042108","positive regulation of cytokine biosynthetic process","7/274","67/18670",5.57012781054843e-05,0.00117618495941581,0.000963194488673782,"PTPRC/CD28/CD86/TLR6/IRF4/CARD11/CD3E",7
"BP","GO:0002822","regulation of adaptive immune response based on somatic recombination of immune receptors built from immunoglobulin superfamily domains","10/274","145/18670",5.69709872499487e-05,0.0011943414161608,0.000978063067744292,"PTPRC/CR1/CD28/IL7R/C17orf99/IL12RB1/LILRB1/WAS/BTK/SASH3",10
"BP","GO:0051250","negative regulation of lymphocyte activation","10/274","146/18670",6.038147578879e-05,0.0012567972889181,0.0010292090647608,"RUNX3/LAX1/CTLA4/INPP5D/TIGIT/CD86/RIPOR2/TNFRSF13B/LILRB1/BTK",10
"BP","GO:0046638","positive regulation of alpha-beta T cell differentiation","6/274","47/18670",6.12949998326691e-05,0.00125784246135491,0.00103006497124285,"RUNX3/CD86/MYB/NCKAP1L/IL12RB1/SASH3",6
"BP","GO:2000107","negative regulation of leukocyte apoptotic process","6/274","47/18670",6.12949998326691e-05,0.00125784246135491,0.00103006497124285,"HCLS1/IL7R/DOCK8/AURKB/CCR7/LILRB1",6
"BP","GO:0050766","positive regulation of phagocytosis","7/274","69/18670",6.74019370688962e-05,0.00137349122111023,0.00112477137530502,"PTPRC/STAP1/DOCK2/NCKAP1L/SIRPG/IL2RB/IL2RG",7
"BP","GO:0043372","positive regulation of CD4-positive, alpha-beta T cell differentiation","5/274","30/18670",6.92567172346828e-05,0.00140148662515185,0.00114769720739054,"CD86/MYB/NCKAP1L/IL12RB1/SASH3",5
"BP","GO:0002295","T-helper cell lineage commitment","4/274","16/18670",7.18748000816153e-05,0.00142478345195801,0.00116677530816342,"SLAMF6/LY9/IRF4/IL12RB1",4
"BP","GO:0030889","negative regulation of B cell proliferation","4/274","16/18670",7.18748000816153e-05,0.00142478345195801,0.00116677530816342,"CTLA4/INPP5D/TNFRSF13B/BTK",4
"BP","GO:0032695","negative regulation of interleukin-12 production","4/274","16/18670",7.18748000816153e-05,0.00142478345195801,0.00116677530816342,"SLAMF1/TIGIT/ACP5/LILRB1",4
"BP","GO:0071219","cellular response to molecule of bacterial origin","12/274","212/18670",7.30928304484776e-05,0.0014391385670734,0.00117853091484138,"GFI1/IL24/KMO/CD86/TLR6/STAP1/CD180/CD6/AICDA/KLRC4-KLRK1/IRF8/LILRB1",12
"BP","GO:0034121","regulation of toll-like receptor signaling pathway","7/274","70/18670",7.39633831304517e-05,0.00144650535867205,0.00118456368461133,"GFI1/FCRL3/TLR6/IRF4/NLRP6/BIRC3/LILRA4",7
"BP","GO:0000070","mitotic sister chromatid segregation","10/274","151/18670",8.01611357186646e-05,0.00155726366322792,0.00127526522578395,"NUF2/NEK2/CENPF/NCAPH/BUB1/NCAPG/CENPK/ESPL1/DLGAP5/AURKB",10
"BP","GO:0042089","cytokine biosynthetic process","9/274","123/18670",8.48028019160074e-05,0.00163652559459103,0.00134017394174687,"PTPRC/CD28/INPP5D/CD86/TLR6/IRF4/CARD11/CD3E/LILRB1",9
"BP","GO:0002532","production of molecular mediator involved in inflammatory response","7/274","72/18670",8.86525345911241e-05,0.00169632688217887,0.00138914606144547,"TLR6/GPSM3/ALOX5/CD6/NLRC3/P2RX1/BTK",7
"BP","GO:0050729","positive regulation of inflammatory response","10/274","153/18670",8.94856875672571e-05,0.00169632688217887,0.00138914606144547,"CD28/TLR10/TLR6/STAP1/GPSM3/CD6/TNFSF11/CCR7/MIR142/BTK",10
"BP","GO:0050864","regulation of B cell activation","11/274","184/18670",8.96480232860487e-05,0.00169632688217887,0.00138914606144547,"FCRL3/PTPRC/CD28/CTLA4/INPP5D/CARD11/NCKAP1L/CD19/TNFRSF13B/BTK/SASH3",11
"BP","GO:0042107","cytokine metabolic process","9/274","124/18670",9.02841467829503e-05,0.00169734195951947,0.00138997732262783,"PTPRC/CD28/INPP5D/CD86/TLR6/IRF4/CARD11/CD3E/LILRB1",9
"BP","GO:0043087","regulation of GTPase activity","19/274","479/18670",9.08961837790711e-05,0.00169789409956547,0.00139042947791602,"SMAP2/ARHGAP30/XCL2/RGS1/ARHGAP25/RHOH/DOCK2/TAGAP/DOCK8/RASGRP2/KLRC4-KLRK1/NCKAP1L/ARHGAP9/RASGRF1/ACAP1/CCR7/ARHGAP45/VAV1/RASAL3",19
"BP","GO:0043373","CD4-positive, alpha-beta T cell lineage commitment","4/274","17/18670",9.29083658034086e-05,0.00172358821268028,0.00141147075033276,"SLAMF6/LY9/IRF4/IL12RB1",4
"BP","GO:0002831","regulation of response to biotic stimulus","17/274","400/18670",9.34546800286492e-05,0.00172358821268028,0.00141147075033276,"AIM2/SLAMF6/CR1/TXK/CD180/TREML2/CARD11/TSPAN32/BIRC3/KLRC4-KLRK1/COCH/NLRC3/PLCG2/VAV1/IL12RB1/LILRB1/ZBP1",17
"BP","GO:0031341","regulation of cell killing","8/274","98/18670",9.77229791209567e-05,0.00179097334061929,0.00146665338409274,"SLAMF6/PTPRC/STAP1/IL7R/KLRC4-KLRK1/VAV1/IL12RB1/LILRB1",8
"BP","GO:0043547","positive regulation of GTPase activity","17/274","405/18670",0.000108592397550593,0.00197773904039018,0.00161959845557365,"SMAP2/ARHGAP30/XCL2/RGS1/ARHGAP25/DOCK2/TAGAP/DOCK8/RASGRP2/NCKAP1L/ARHGAP9/RASGRF1/ACAP1/CCR7/ARHGAP45/VAV1/RASAL3",17
"BP","GO:0046633","alpha-beta T cell proliferation","5/274","33/18670",0.000111270232972924,0.00201292346785728,0.00164841148055935,"PTPRC/CD28/DOCK2/CD3E/RASAL3",5
"BP","GO:0006310","DNA recombination","14/274","292/18670",0.000111905834520549,0.00201292346785728,0.00164841148055935,"PTPRC/NABP1/CD28/POLQ/IL7R/TCF7/CCR6/AICDA/BRCA2/BCL11B/BLM/TOP2A/BRIP1/WAS",14
"BP","GO:0000819","sister chromatid segregation","11/274","189/18670",0.000113828524358525,0.00203494674834811,0.00166644665625299,"NUF2/NEK2/CENPF/NCAPH/BUB1/NCAPG/CENPK/ESPL1/DLGAP5/AURKB/TOP2A",11
"BP","GO:0002200","somatic diversification of immune receptors","7/274","75/18670",0.000115067425415501,0.00204455169305348,0.00167431228123839,"PTPRC/CD28/POLQ/TCF7/CCR6/AICDA/BCL11B",7
"BP","GO:0051782","negative regulation of cell division","4/274","18/18670",0.000118079424680507,0.00208535420314544,0.00170772603349735,"ASPM/E2F8/BLM/AURKB",4
"BP","GO:0045066","regulatory T cell differentiation","5/274","34/18670",0.000128901777266009,0.0022497740131317,0.00184237173997384,"CR1/CD28/CTLA4/FANCD2/FUT7",5
"BP","GO:0001818","negative regulation of cytokine production","14/274","296/18670",0.000129086379974929,0.0022497740131317,0.00184237173997384,"CD84/SLAMF1/PTPRC/INPP5D/TIGIT/TLR6/NCKAP1L/GPR18/NLRC3/ACP5/LILRA4/LILRB1/MIR155/BTK",14
"BP","GO:0002819","regulation of adaptive immune response","10/274","160/18670",0.000129705571107113,0.0022497740131317,0.00184237173997384,"PTPRC/CR1/CD28/IL7R/C17orf99/IL12RB1/LILRB1/WAS/BTK/SASH3",10
"BP","GO:0032655","regulation of interleukin-12 production","6/274","54/18670",0.000135308776570512,0.0023330755912809,0.00191058857979041,"SLAMF1/TIGIT/IRF8/CCR7/ACP5/LILRB1",6
"BP","GO:0002363","alpha-beta T cell lineage commitment","4/274","19/18670",0.000147847454121564,0.0025126243471879,0.00205762359392947,"SLAMF6/LY9/IRF4/IL12RB1",4
"BP","GO:0046641","positive regulation of alpha-beta T cell proliferation","4/274","19/18670",0.000147847454121564,0.0025126243471879,0.00205762359392947,"PTPRC/CD28/CD3E/RASAL3",4
"BP","GO:0071887","leukocyte apoptotic process","8/274","104/18670",0.000148308643691255,0.0025126243471879,0.00205762359392947,"HCLS1/IL7R/DOCK8/CD3G/AURKB/CCR7/LILRB1/BTK",8
"BP","GO:0051056","regulation of small GTPase mediated signal transduction","15/274","338/18670",0.000150689701767435,0.0025162921696289,0.00206062722557119,"ARHGAP30/ARHGAP25/GPR55/RHOH/RIPOR2/TAGAP/ARHGAP9/PLEKHG7/GPR18/RASGRF1/ARHGAP45/VAV1/RASAL3/CYTH4/P2RY10",15
"BP","GO:0140014","mitotic nuclear division","13/274","264/18670",0.000150715586395393,0.0025162921696289,0.00206062722557119,"NUF2/NEK2/CENPF/NCAPH/BUB1/CD28/NCAPG/CENPK/MKI67/ESPL1/DLGAP5/AURKB/MYBL2",13
"BP","GO:1903555","regulation of tumor necrosis factor superfamily cytokine production","10/274","163/18670",0.000151115693097137,0.0025162921696289,0.00206062722557119,"CD2/SLAMF1/PTPRC/CD86/GPR18/NLRC3/ACP5/LILRA4/LILRB1/SASH3",10
"BP","GO:0001912","positive regulation of leukocyte mediated cytotoxicity","6/274","56/18670",0.000165986977036516,0.0027326895541492,0.00223783810253811,"SLAMF6/PTPRC/STAP1/KLRC4-KLRK1/VAV1/IL12RB1",6
"BP","GO:0032615","interleukin-12 production","6/274","56/18670",0.000165986977036516,0.0027326895541492,0.00223783810253811,"SLAMF1/TIGIT/IRF8/CCR7/ACP5/LILRB1",6
"BP","GO:0002456","T cell mediated immunity","8/274","106/18670",0.000169328335509882,0.0027720380318865,0.00227006112714904,"PTPRC/IL7R/CD70/IL12RB1/LILRB1/AIRE/WAS/SASH3",8
"BP","GO:2000516","positive regulation of CD4-positive, alpha-beta T cell activation","5/274","36/18670",0.000170509931698195,0.00277578737971252,0.00227313152108091,"CD86/MYB/NCKAP1L/IL12RB1/SASH3",5
"BP","GO:0045088","regulation of innate immune response","14/274","305/18670",0.000176302778343741,0.00285414608940922,0.00233730057605415,"AIM2/SLAMF6/CR1/TXK/TREML2/CARD11/BIRC3/KLRC4-KLRK1/COCH/NLRC3/PLCG2/VAV1/LILRB1/ZBP1",14
"BP","GO:0007249","I-kappaB kinase/NF-kappaB signaling","13/274","269/18670",0.000181305945625292,0.00291892555553647,0.00239034939652537,"TRAF5/EDAR/TLR6/RHOH/CARD11/NLRP6/BIRC3/TNFSF11/NLRC3/PRKCB/CCR7/PIM2/BTK",13
"BP","GO:0043369","CD4-positive or CD8-positive, alpha-beta T cell lineage commitment","4/274","20/18670",0.000182685253817174,0.00292497159133652,0.00239530058070292,"SLAMF6/LY9/IRF4/IL12RB1",4
"BP","GO:0001906","cell killing","10/274","168/18670",0.000193407263608053,0.00306298242474927,0.00250831960297172,"SLAMF6/PTPRC/STAP1/IL7R/KLRC4-KLRK1/CHGA/CORO1A/VAV1/IL12RB1/LILRB1",10
"BP","GO:0071706","tumor necrosis factor superfamily cytokine production","10/274","168/18670",0.000193407263608053,0.00306298242474927,0.00250831960297172,"CD2/SLAMF1/PTPRC/CD86/GPR18/NLRC3/ACP5/LILRA4/LILRB1/SASH3",10
"BP","GO:0042093","T-helper cell differentiation","6/274","58/18670",0.000201916638667637,0.0031804599193378,0.00260452358383802,"SLAMF6/LY9/CD86/IRF4/MYB/IL12RB1",6
"BP","GO:0043122","regulation of I-kappaB kinase/NF-kappaB signaling","12/274","237/18670",0.000208611072575961,0.00326824013702339,0.00267640804487665,"TRAF5/EDAR/TLR6/RHOH/CARD11/NLRP6/BIRC3/TNFSF11/NLRC3/PRKCB/CCR7/PIM2",12
"BP","GO:0071222","cellular response to lipopolysaccharide","11/274","205/18670",0.000231929471547198,0.00361413090956436,0.00295966288768646,"GFI1/IL24/KMO/CD86/STAP1/CD180/CD6/AICDA/KLRC4-KLRK1/IRF8/LILRB1",11
"BP","GO:0140013","meiotic nuclear division","10/274","172/18670",0.000234031090033985,0.00362748189552677,0.00297059619880764,"NUF2/ASPM/NCAPH/BUB1/FANCD2/ESPL1/BRCA2/TOP2A/BRIP1/MEI1",10
"BP","GO:0002294","CD4-positive, alpha-beta T cell differentiation involved in immune response","6/274","60/18670",0.000243713665601883,0.00375757471726925,0.00307713104939832,"SLAMF6/LY9/CD86/IRF4/MYB/IL12RB1",6
"BP","GO:0002287","alpha-beta T cell activation involved in immune response","6/274","61/18670",0.000267015286336781,0.00407373059887634,0.00333603556971884,"SLAMF6/LY9/CD86/IRF4/MYB/IL12RB1",6
"BP","GO:0002293","alpha-beta T cell differentiation involved in immune response","6/274","61/18670",0.000267015286336781,0.00407373059887634,0.00333603556971884,"SLAMF6/LY9/CD86/IRF4/MYB/IL12RB1",6
"BP","GO:0002562","somatic diversification of immune receptors via germline recombination within a single locus","6/274","62/18670",0.000292031864893073,0.0043864992489609,0.00359216623826694,"PTPRC/CD28/TCF7/CCR6/AICDA/BCL11B",6
"BP","GO:0016444","somatic cell DNA recombination","6/274","62/18670",0.000292031864893073,0.0043864992489609,0.00359216623826694,"PTPRC/CD28/TCF7/CCR6/AICDA/BCL11B",6
"BP","GO:0045453","bone resorption","6/274","62/18670",0.000292031864893073,0.0043864992489609,0.00359216623826694,"GPR55/INPP5D/CALCA/TNFSF11/MC4R/ACP5",6
"BP","GO:0048872","homeostasis of number of cells","12/274","246/18670",0.000293573049694499,0.00438703521440908,0.00359260514794834,"INPP5D/CCR4/HCLS1/IL7R/CARD11/IKZF1/SIT1/NCKAP1L/CORO1A/TNFRSF13B/CCR7/SASH3",12
"BP","GO:0002224","toll-like receptor signaling pathway","9/274","146/18670",0.00031082152605761,0.00462109146393814,0.00378427711907949,"GFI1/FCRL3/TLR10/TLR6/IRF4/NLRP6/BIRC3/LILRA4/BTK",9
"BP","GO:0043312","neutrophil degranulation","18/274","485/18670",0.000313067316947255,0.00463085361210306,0.00379227148019999,"KCNAB2/SLC2A5/CD53/SELL/PTPRC/CR1/PLAC8/DOCK2/DOK3/ALOX5/LRMP/BIN2/NCKAP1L/ARHGAP9/P2RX1/RAB37/TMC6/ARHGAP45",18
"BP","GO:0030890","positive regulation of B cell proliferation","5/274","41/18670",0.000319277711718368,0.00469886490882487,0.00384796689242711,"FCRL3/PTPRC/CARD11/NCKAP1L/SASH3",5
"BP","GO:0002761","regulation of myeloid leukocyte differentiation","8/274","117/18670",0.000333417998031814,0.00488231179027491,0.00399819413667349,"GPR55/INPP5D/HCLS1/CAMK4/TNFSF11/POU4F1/EVI2B/LILRB1",8
"BP","GO:0002283","neutrophil activation involved in immune response","18/274","488/18670",0.000337028772988568,0.00491050922244344,0.00402128541244781,"KCNAB2/SLC2A5/CD53/SELL/PTPRC/CR1/PLAC8/DOCK2/DOK3/ALOX5/LRMP/BIN2/NCKAP1L/ARHGAP9/P2RX1/RAB37/TMC6/ARHGAP45",18
"BP","GO:0045670","regulation of osteoclast differentiation","6/274","64/18670",0.000347562498938135,0.00503879165127227,0.00412633770669156,"GPR55/INPP5D/CAMK4/TNFSF11/POU4F1/LILRB1",6
"BP","GO:0051304","chromosome separation","7/274","90/18670",0.000359448757306158,0.00518531524153537,0.00424632794587317,"CENPF/NCAPH/BUB1/ESPL1/DLGAP5/AURKB/TOP2A",7
"BP","GO:0050920","regulation of chemotaxis","11/274","217/18670",0.000377453806712508,0.00541822853576478,0.00443706393475373,"XCL2/CXCR4/CCR4/STAP1/RIPOR2/GPSM3/CCR6/KLRC4-KLRK1/NCKAP1L/GPR18/CCR7",11
"BP","GO:0050777","negative regulation of immune response","9/274","150/18670",0.000379406205005222,0.00541955726169225,0.00443815204719731,"CD84/PTPRC/CR1/CTLA4/INPP5D/IL7R/NLRP6/NLRC3/LILRB1",9
"BP","GO:0002861","regulation of inflammatory response to antigenic stimulus","4/274","24/18670",0.000382579478448396,0.00543822731804208,0.00445344122024397,"CD28/NLRP6/CCR7/BTK",4
"BP","GO:0042119","neutrophil activation","18/274","498/18670",0.000428795639416036,0.00606558491872975,0.00496719322716481,"KCNAB2/SLC2A5/CD53/SELL/PTPRC/CR1/PLAC8/DOCK2/DOK3/ALOX5/LRMP/BIN2/NCKAP1L/ARHGAP9/P2RX1/RAB37/TMC6/ARHGAP45",18
"BP","GO:0002446","neutrophil mediated immunity","18/274","499/18670",0.000439063901032257,0.00614089732276562,0.00502886761937278,"KCNAB2/SLC2A5/CD53/SELL/PTPRC/CR1/PLAC8/DOCK2/DOK3/ALOX5/LRMP/BIN2/NCKAP1L/ARHGAP9/P2RX1/RAB37/TMC6/ARHGAP45",18
"BP","GO:0062207","regulation of pattern recognition receptor signaling pathway","7/274","93/18670",0.000439119748473883,0.00614089732276562,0.00502886761937278,"GFI1/FCRL3/TLR6/IRF4/NLRP6/BIRC3/LILRA4",7
"BP","GO:0019724","B cell mediated immunity","11/274","221/18670",0.000440441846416615,0.00614089732276562,0.00502886761937278,"PTPRC/CR1/CD28/INPP5D/CCR6/AICDA/CD19/C17orf99/CD70/POU2F2/BTK",11
"BP","GO:0002335","mature B cell differentiation","4/274","25/18670",0.000450229413209754,0.00621786023740864,0.00509189363804696,"CD19/PLCG2/C17orf99/POU2F2",4
"BP","GO:0002507","tolerance induction","4/274","25/18670",0.000450229413209754,0.00621786023740864,0.00509189363804696,"ICOS/CCR4/CD3E/AIRE",4
"BP","GO:0002517","T cell tolerance induction","3/274","11/18670",0.00047277989436294,0.0064984934536491,0.00532170814558483,"ICOS/CD3E/AIRE",3
"BP","GO:1903046","meiotic cell cycle process","10/274","188/18670",0.000475205215961925,0.0065011643160237,0.00532389535253612,"NUF2/ASPM/NCAPH/BUB1/FANCD2/ESPL1/BRCA2/TOP2A/BRIP1/MEI1",10
"BP","GO:0002292","T cell differentiation involved in immune response","6/274","68/18670",0.000483209630451573,0.00654917610760876,0.00536321288731318,"SLAMF6/LY9/CD86/IRF4/MYB/IL12RB1",6
"BP","GO:0031343","positive regulation of cell killing","6/274","68/18670",0.000483209630451573,0.00654917610760876,0.00536321288731318,"SLAMF6/PTPRC/STAP1/KLRC4-KLRK1/VAV1/IL12RB1",6
"BP","GO:0002360","T cell lineage commitment","4/274","26/18670",0.000525991106037468,0.00706330913821743,0.00578424369336377,"SLAMF6/LY9/IRF4/IL12RB1",4
"BP","GO:0072539","T-helper 17 cell differentiation","4/274","26/18670",0.000525991106037468,0.00706330913821743,0.00578424369336377,"SLAMF6/LY9/IRF4/IL12RB1",4
"BP","GO:0002437","inflammatory response to antigenic stimulus","5/274","46/18670",0.000550171802282729,0.00735413133877005,0.00602240210417647,"CD28/NLRP6/CD6/CCR7/BTK",5
"BP","GO:0002709","regulation of T cell mediated immunity","6/274","70/18670",0.000564889767531958,0.00748222173903693,0.0061272971435165,"PTPRC/IL7R/IL12RB1/LILRB1/WAS/SASH3",6
"BP","GO:0032720","negative regulation of tumor necrosis factor production","6/274","70/18670",0.000564889767531958,0.00748222173903693,0.0061272971435165,"SLAMF1/GPR18/NLRC3/ACP5/LILRA4/LILRB1",6
"BP","GO:0050764","regulation of phagocytosis","7/274","98/18670",0.000602698932957566,0.00794057817095889,0.00650265170449872,"PTPRC/STAP1/DOCK2/NCKAP1L/SIRPG/IL2RB/IL2RG",7
"BP","GO:0032680","regulation of tumor necrosis factor production","9/274","160/18670",0.000606906133287717,0.00794057817095889,0.00650265170449872,"CD2/SLAMF1/PTPRC/GPR18/NLRC3/ACP5/LILRA4/LILRB1/SASH3",9
"BP","GO:0002687","positive regulation of leukocyte migration","8/274","128/18670",0.000608871815376243,0.00794057817095889,0.00650265170449872,"XCL2/ITGA4/RIPOR2/GPSM3/CCR6/DOCK8/NCKAP1L/CCR7",8
"BP","GO:0036336","dendritic cell migration","4/274","27/18670",0.000610394478481397,0.00794057817095889,0.00650265170449872,"CXCR4/CCR6/DOCK8/CCR7",4
"BP","GO:0002863","positive regulation of inflammatory response to antigenic stimulus","3/274","12/18670",0.000623547888262964,0.00796937958946612,0.00652623759322317,"CD28/CCR7/BTK",3
"BP","GO:0045579","positive regulation of B cell differentiation","3/274","12/18670",0.000623547888262964,0.00796937958946612,0.00652623759322317,"INPP5D/NCKAP1L/BTK",3
"BP","GO:0048934","peripheral nervous system neuron differentiation","3/274","12/18670",0.000623547888262964,0.00796937958946612,0.00652623759322317,"RUNX3/POU4F1/ISL2",3
"BP","GO:0048935","peripheral nervous system neuron development","3/274","12/18670",0.000623547888262964,0.00796937958946612,0.00652623759322317,"RUNX3/POU4F1/ISL2",3
"BP","GO:1903038","negative regulation of leukocyte cell-cell adhesion","8/274","129/18670",0.000641037899672891,0.00815713729103408,0.00667999502899767,"RUNX3/LAX1/CTLA4/TIGIT/CD86/ADTRP/RIPOR2/LILRB1",8
"BP","GO:1903556","negative regulation of tumor necrosis factor superfamily cytokine production","6/274","72/18670",0.00065690770219641,0.00832273497478408,0.00681560531294856,"SLAMF1/GPR18/NLRC3/ACP5/LILRA4/LILRB1",6
"BP","GO:0032640","tumor necrosis factor production","9/274","163/18670",0.000693597310742195,0.00874953490693834,0.00716511781021899,"CD2/SLAMF1/PTPRC/GPR18/NLRC3/ACP5/LILRA4/LILRB1/SASH3",9
"BP","GO:0032945","negative regulation of mononuclear cell proliferation","6/274","73/18670",0.000707062913343517,0.00884283832396141,0.00724152529726565,"CTLA4/INPP5D/CD86/TNFRSF13B/LILRB1/BTK",6
"BP","GO:0050672","negative regulation of lymphocyte proliferation","6/274","73/18670",0.000707062913343517,0.00884283832396141,0.00724152529726565,"CTLA4/INPP5D/CD86/TNFRSF13B/LILRB1/BTK",6
"BP","GO:0051260","protein homooligomerization","14/274","351/18670",0.000722032335627095,0.00899146250434768,0.00736323573939103,"CD247/POLQ/RIPOR2/CD3E/CD3D/CD3G/TNFSF11/CCDC88C/TCL1A/BLM/P2RX1/CD79B/FSD1/CD79A",14
"BP","GO:0002686","negative regulation of leukocyte migration","5/274","49/18670",0.000738472306868566,0.00911825551786018,0.0074670683303793,"STAP1/ADTRP/RIPOR2/KLRC4-KLRK1/GPR18",5
"BP","GO:0002704","negative regulation of leukocyte mediated immunity","5/274","49/18670",0.000738472306868566,0.00911825551786018,0.0074670683303793,"CD84/PTPRC/CR1/IL7R/LILRB1",5
"BP","GO:0072538","T-helper 17 type immune response","4/274","29/18670",0.000807263155787406,0.00992559002516667,0.00812820597010903,"SLAMF6/LY9/IRF4/IL12RB1",4
"BP","GO:0051983","regulation of chromosome segregation","7/274","103/18670",0.000811337495486571,0.00993377084810028,0.00813490536164554,"NEK2/CENPF/BUB1/MKI67/ESPL1/DLGAP5/AURKB",7
"CC","GO:0009897","external side of plasma membrane","29/288","393/19717",8.76751810332398e-13,2.5601152861706e-10,2.30724160613789e-10,"CD2/PTPRC/CXCR4/CD28/CTLA4/ICOS/CCR4/CCR9/CD86/IL7R/BTN1A1/CCR6/MS4A1/CD6/CD3E/CD3D/CD3G/CXCR5/KLRC4-KLRK1/CD19/P2RX1/CCR7/CD79B/IL12RB1/CD79A/LILRB1/IL2RB/IL2RG/CXCR3",29
"CC","GO:0001772","immunological synapse","9/288","36/19717",1.78044409314288e-09,2.5994483759886e-07,2.34268959624063e-07,"CD53/CD28/RHOH/CARD11/CD6/CD3E/CORO1A/SCIMP/CD37",9
"CC","GO:0098802","plasma membrane signaling receptor complex","17/288","295/19717",1.75373884018806e-06,0.000170697247111638,0.000153836740367374,"CD247/TRAF5/ITGA4/TLR6/TSPAN32/CD6/HTR3A/CD3E/CD3D/CD3G/ITGAD/CD79B/IL12RB1/CD79A/CSF2RB/IL2RB/SHISA8",17
"CC","GO:0000793","condensed chromosome","14/288","223/19717",5.46684673296418e-06,0.000399079811506385,0.000359660969273959,"NUF2/NEK2/CENPF/NCAPH/BUB1/HJURP/FANCD2/NCAPG/CENPK/MKI67/BRCA2/BLM/AURKB/TOP2A",14
"CC","GO:0000794","condensed nuclear chromosome","8/288","99/19717",0.000101986788059449,0.00595602842267182,0.00536772568733942,"NUF2/NEK2/NCAPH/BUB1/CENPK/BRCA2/BLM/AURKB",8
"CC","GO:0098636","protein complex involved in cell adhesion","5/288","34/19717",0.000126281284425156,0.00614568917535759,0.00553865282566474,"ITGA4/CD28/CTLA4/TSPAN32/ITGAD",5
"MF","GO:0140375","immune receptor activity","19/271","128/17696",8.62836963059063e-14,3.5894017663257e-11,3.33327542571238e-11,"CR1/CXCR4/CCR4/CCR9/IL7R/HLA-DOB/IL22RA2/CCR6/IL10RA/CXCR5/KLRC4-KLRK1/IL21R/CCR7/IL12RB1/LILRB1/CSF2RB/IL2RB/IL2RG/CXCR3",19
"MF","GO:0004896","cytokine receptor activity","15/271","96/17696",1.75221147913985e-11,3.64459987661089e-09,3.38453480444382e-09,"CXCR4/CCR4/CCR9/IL7R/IL22RA2/CCR6/IL10RA/CXCR5/IL21R/CCR7/IL12RB1/CSF2RB/IL2RB/IL2RG/CXCR3",15
"MF","GO:0019956","chemokine binding","8/271","32/17696",2.0874172371903e-08,2.89455190223721e-06,2.68800745982049e-06,"CXCR4/ITGA4/CCR4/CCR9/CCR6/CXCR5/CCR7/CXCR3",8
"MF","GO:0016493","C-C chemokine receptor activity","7/271","23/17696",3.63466295770962e-08,3.780049476018e-06,3.51031922494587e-06,"CXCR4/CCR4/CCR9/CCR6/CXCR5/CCR7/CXCR3",7
"MF","GO:0019957","C-C chemokine binding","7/271","24/17696",5.06445526725081e-08,4.21362678235267e-06,3.91295806964431e-06,"CXCR4/CCR4/CCR9/CCR6/CXCR5/CCR7/CXCR3",7
"MF","GO:0019955","cytokine binding","13/271","128/17696",8.44369812480792e-08,4.87572036446496e-06,4.52780711983462e-06,"CXCR4/ITGA4/CCR4/CCR9/IL22RA2/CCR6/IL10RA/CXCR5/CCR7/IL12RB1/IL2RB/IL2RG/CXCR3",13
"MF","GO:0001637","G protein-coupled chemoattractant receptor activity","7/271","26/17696",9.37638531627877e-08,4.87572036446496e-06,4.52780711983462e-06,"CXCR4/CCR4/CCR9/CCR6/CXCR5/CCR7/CXCR3",7
"MF","GO:0004950","chemokine receptor activity","7/271","26/17696",9.37638531627877e-08,4.87572036446496e-06,4.52780711983462e-06,"CXCR4/CCR4/CCR9/CCR6/CXCR5/CCR7/CXCR3",7
"MF","GO:0015026","coreceptor activity","7/271","44/17696",4.316096046241e-06,0.000199499550581806,0.000185264005727538,"FCRL1/CXCR4/ITGA4/CD28/CD86/TMIGD2/LILRA4",7
"MF","GO:0042169","SH2 domain binding","5/271","36/17696",0.000207494346219494,0.00838958765906143,0.00779093793237739,"LAX1/SIT1/SYNGR3/SHCBP1/LILRB1",5
"MF","GO:0030695","GTPase regulator activity","14/271","304/17696",0.00026179923328396,0.00838958765906143,0.00779093793237739,"SMAP2/ARHGAP30/RGS1/ARHGAP25/RHOH/DOCK2/GPSM3/TAGAP/NCKAP1L/ARHGAP9/ACAP1/ARHGAP45/RASAL3/WAS",14
"MF","GO:0001614","purinergic nucleotide receptor activity","4/271","21/17696",0.00026217461434567,0.00838958765906143,0.00779093793237739,"GPR171/P2RX5/P2RX1/P2RY10",4
"MF","GO:0016502","nucleotide receptor activity","4/271","21/17696",0.00026217461434567,0.00838958765906143,0.00779093793237739,"GPR171/P2RX5/P2RX1/P2RY10",4
"MF","GO:0060589","nucleoside-triphosphatase regulator activity","15/271","344/17696",0.000285933754002858,0.00849631726179921,0.00789005170819916,"SMAP2/ARHGAP30/RGS1/ARHGAP25/NCAPH/RHOH/DOCK2/GPSM3/TAGAP/NCKAP1L/ARHGAP9/ACAP1/ARHGAP45/RASAL3/WAS",15
